{"gro\u00dfmarkt, hamburg, germany": [53.5423111, 10.0183057], "famila, hamburg, germany": [53.6091305, 10.0431126], "hoheluftchaussee, hamburg, germany": [53.5784078, 9.9758914], "famila hh-steilshoop, hamburg, germany": [53.6091305, 10.0431126], "kunstklinik eppendorf, hamburg, germany": [53.5917044, 9.9817846], "kinopolis hafencity, hamburg, germany": [53.5396982, 9.9989509], "uci kinowelt mundsburg, hamburg, germany": [53.5709583, 10.0277721], "abaton kino, hamburg, germany": [53.5676653, 9.9820359], "magazin filmkunsttheater, hamburg, germany": [53.5997328, 10.0040158], "elbphilharmonie, hamburg, germany": [53.5412916, 9.9842058], "uci kinowelt wandsbek , hamburg, germany": [53.5882763, 10.0973001], "brakula, hamburg, germany": [53.6152394, 10.0757518], "cinemaxx hamburg-wandsbek, hamburg, germany": [53.572611, 10.0664766], "planetarium, hamburg, germany": [53.597313, 10.0089113], "hauptkirche st. katharinen, hamburg, germany": [53.5459592, 9.9944498], "haus 3, hamburg, germany": [53.5021403, 9.9963286], "berenberg-gossler-haus, hamburg, germany": [53.6201382, 9.9488598], "hansa-filmstudio bergedorf, hamburg, germany": [53.4934078, 10.2073693], "holi, hamburg, germany": [53.5771275, 9.976742], "hochschule f\u00fcr musik und theater, hamburg, germany": [53.5703135, 9.9991072], "beluga, hamburg, germany": [53.5330474, 9.8457956], "mehr theater am gro\u00dfmarkt, hamburg, germany": [53.5427715, 10.0166949], "3001 kino, hamburg, germany": [53.5622446, 9.9653282], "die 2te heimat, hamburg, germany": [53.5493118, 9.936863], "theater am neuen weg, hamburg, germany": [53.4848807, 10.2118757], "stage theater neue flora, hamburg, germany": [53.5626225, 9.9503009], "stubnitz, hamburg, germany": [53.535238, 10.0197389], "stage theater im hafen, hamburg, germany": [53.5398936, 9.9732478], "koralle kino, hamburg, germany": [53.6514308, 10.1631547], "savoy filmtheater, hamburg, germany": [53.5541204, 10.0141812], "stage operettenhaus, hamburg, germany": [53.549502, 9.9670748], "blankeneser kino, hamburg, germany": [53.5590612, 9.8111413], "st. pauli theater, hamburg, germany": [53.5491011, 9.9629881], "altonaer theater, hamburg, germany": [53.5484766, 9.9342629], "stadtpark, hamburg, germany": [53.5956195, 10.0176691], "theater in der marzipanfabrik, hamburg, germany": [53.563488, 9.9150773], "passage kino, hamburg, germany": [53.5504859, 9.9983815], "alabama-kino, hamburg, germany": [53.5832208, 10.0206819], "filmraum, hamburg, germany": [53.5798461, 9.9425757], "theater das zimmer, hamburg, germany": [53.5498175, 10.0893295], "elbschloss residenz, hamburg, germany": [53.557762, 9.8643123], "kellertheater, hamburg, germany": [53.554823, 9.9792555], "locke, hamburg, germany": [53.5924401, 9.9862599], "kampnagel, hamburg, germany": [53.5833009, 10.0221722], "das kleine hoftheater, hamburg, germany": [53.5501398, 10.0818734], "studio-kino, hamburg, germany": [53.5573124, 9.9583412], "kreuzkirche kirchdorf, hamburg, germany": [53.4869034, 10.015142], "metropolis, hamburg, germany": [53.5563562, 9.988938], "st. anschar, hamburg, germany": [53.5986889, 9.9823266], "schmidt theater, hamburg, germany": [53.5491358, 9.9638746], "schanzenkino, hamburg, germany": [53.5622726, 9.9608994], "halle 424, hamburg, germany": [53.542662, 10.0094275], "st. marien ohlsdorf, hamburg, germany": [53.6221648, 10.0266954], "christuskirche, hamburg, germany": [53.5695526, 9.962444], "hauptkirche st. jacobi, hamburg, germany": [53.5503571, 10.0007413], "hamburgische staatsoper, hamburg, germany": [53.5566745, 9.9889303], "lichthof theater, hamburg, germany": [53.563488, 9.9150773], "kleines theater, hamburg, germany": [53.5980055, 9.7513083], "deutsches schauspielhaus, hamburg, germany": [53.5544807, 10.0089599], "the irish rover, hamburg, germany": [53.5507084, 9.9809458], "alma hoppes lustspielhaus, hamburg, germany": [53.5930959, 9.9926343], "laeiszhalle, hamburg, germany": [53.5560966, 9.9810766], "b-movie, hamburg, germany": [53.554379, 9.9612601], "fabrik, hamburg, germany": [53.5567411, 9.9291883], "logo, hamburg, germany": [53.5645143, 9.9835996], "roschinsky's, hamburg, germany": [53.5511629, 9.9610193], "komet, hamburg, germany": [53.5475588, 9.9620406], "bahnhof pauli, hamburg, germany": [53.5490694, 9.9641573], "barclays arena, hamburg, germany": [53.5894001, 9.8991078], "schanzenzelt, hamburg, germany": [53.5645463, 9.9724841], "centralkomitee, hamburg, germany": [53.5548361, 10.0146115], "hafenklang, hamburg, germany": [53.5445582, 9.9479472], "markthalle, hamburg, germany": [53.5482826, 10.0065471], "golden pudel club, hamburg, germany": [53.5461935, 9.9577662], "cascadas, hamburg, germany": [53.5546896, 10.000626], "the village, hamburg, germany": [53.6207387, 9.9514467], "grosse freiheit, hamburg, germany": [53.5523606, 9.9581631], "cafe schoene aussichten, hamburg, germany": [53.558469, 9.9857544], "freundlich + kompetent, hamburg, germany": [53.5711606, 10.0282062], "aalhaus, hamburg, germany": [53.5592861, 9.9469364], "thomas read, hamburg, germany": [53.5500714, 9.9566397], "headcrash, hamburg, germany": [53.5507821, 9.9611066], "juice club, hamburg, germany": [53.5629224, 9.9446451], "kamm in, hamburg, germany": [53.5512758, 9.9822892], "barmbek\u00b0basch, hamburg, germany": [53.5768766, 10.0429788], "honigfabrik, hamburg, germany": [53.5158095, 9.982788], "mathilde bar ottensen, hamburg, germany": [53.5539454, 9.9298568], "treibeis, hamburg, germany": [53.5562205, 9.9329659], "goldbekhaus, hamburg, germany": [53.5847796, 10.0088534], "kulturwerkstatt harburg, hamburg, germany": [53.4666673, 9.9846625]}